<?xml version="1.0" encoding="UTF-8"?>
<project-private xmlns="http://www.netbeans.org/ns/project-private/1">
    <editor-bookmarks xmlns="http://www.netbeans.org/ns/editor-bookmarks/2" lastBookmarkId="0"/>
    <open-files xmlns="http://www.netbeans.org/ns/projectui-open-files/2">
        <group>
            <file>file:/D:/Workspace/NetBeans%20Projects/CollegeManagementSystem/src/screens/LoginScreen.java</file>
            <file>file:/D:/Workspace/NetBeans%20Projects/CollegeManagementSystem/src/screens/FacultySubjectIssueForm.java</file>
            <file>file:/D:/Workspace/NetBeans%20Projects/CollegeManagementSystem/src/repository/DBConnection.java</file>
            <file>file:/D:/Workspace/NetBeans%20Projects/CollegeManagementSystem/src/screens/StudentEntryForm.java</file>
            <file>file:/D:/Workspace/NetBeans%20Projects/CollegeManagementSystem/src/repository/DBFunctions.java</file>
            <file>file:/D:/Workspace/NetBeans%20Projects/CollegeManagementSystem/src/screens/HostelIssueForm.java</file>
        </group>
    </open-files>
</project-private>
